question,correct_answer
If a desktop monitor is turned sideways and moved 4 feet to the side of a workstation can it still be viewed from the original seating position,no
If a ceiling-mounted projector is rotated 45 degrees and shifted 2 feet backward will it still project onto the same screen area,no
If a wireless mouse is turned backwards and moved 3 feet away from the computer can it still control the cursor,yes
If a standing fan is rotated 120 degrees and pushed 5 feet behind a wall can it still circulate air into the original room,no
If a bluetooth speaker is flipped upside down and moved 6 feet across the room can it still play audio from the connected device,yes
If a security camera is rotated 90 degrees upward and shifted 2 feet to the left can it still capture the same area it originally monitored,no
If a microwave oven is turned on its back and moved 4 feet away from its power outlet can it still operate without reconnecting,no
If a smart light bulb is rotated 360 degrees and moved 10 feet to another lamp socket can it still be controlled by the same app,yes
If a desktop printer is rotated 45 degrees and moved 3 feet farther from the router can it still connect wirelessly,yes
If a wall clock is rotated 90 degrees and moved 8 feet lower onto a table can it still display the correct time,yes
